signature,predicted_label,confidence,alternative_1,alt_1_confidence,alternative_2,alt_2_confidence,true_label,correct
1093,KO.02.02.01,0.9880213502403214,KO.02.01.01,0.0013069082094464915,EQUIP.08,0.0008868026230839597,KO.02.02.01,True
187,SN.03,0.9869738984563996,SN.18.05,0.005778875618322169,SN.21,0.0017414664528768592,SN.03,True
1856,KO.04.01.01,0.8897420562093176,F03.02,0.10742707739891698,KO.06.04,0.00022972498106214496,KO.04.01.01,True
459,KO.02.02.04,0.9475322845449449,F03.02.01,0.014771640564649807,EQUIP.07,0.006096823557800796,I01.01,False
281,KO.04.01.01,0.9711489950627611,KO.02.02.04,0.005319519246207754,EQUIP.07,0.004392445827753162,KO.04.01.01,True
3050,KO.04.01.02,0.9846630654318714,SN.43,0.002513849350146859,KO.02.02.04,0.00047348689540137816,KO.04.01.02,True
1299,KO.03.02.01,0.5683610762604552,KO.03.01.01,0.05672834295504859,KO.03.02.02,0.024224896163354385,KO.03.02.01,True
2032,KO.02.02.03,0.9951492517925102,KO.02.02.01,0.0008274857802529412,KO.02.02.05.01,0.00021661115312738237,KO.02.02.03,True
269,SN.43,0.9747895275730768,SN.01,0.010383227735392998,KO.05.01,0.0016743030307937164,SN.43,True
763,LF.09,0.7544670595529475,SN.43,0.036062448036367045,SN.09,0.035689628676043174,SN.09,False
2175,F01.04.01,0.9982306093366449,KO.05.01,0.0003341542237157776,KO.99,8.775793162835628e-05,F01.04.01,True
2160,KO.05.01,0.9298116195406707,KO.04.01.01,0.040472318756627455,F04.02.02,0.01850754222494618,KO.05.01,True
2560,F01.04.01,0.9982398406637549,KO.05.01,0.0003341573138704127,KO.99,8.775874318649303e-05,F01.04.01,True
262,KO.02.02.04,0.3293224942415439,EL.10,0.09921664012303759,SN.10,0.0894858965603087,KO.04.01.01,False
2245,F01.04.01,0.9982310396747155,KO.05.01,0.0003341543677699496,KO.99,8.775796946087576e-05,F01.04.01,True
1794,F01.04.01,0.9981439468221609,KO.05.01,0.00036369174898113197,KO.99,0.0001433310155620702,F01.04.01,True
2205,F01.05.01,0.9848305875757608,KO.02.02.01,0.003220858829301465,SN.43,0.0022194294834625935,F01.05.01,True
117,KO.99,0.9952841005111244,F01.05.01,0.00015207423300001564,KO.04.01.01,0.00014791387343751484,KO.99,True
2178,SN.18.05,0.5102061618979548,SN.03,0.28579403616509746,SN.22.01,0.16270904999274682,SN.03,False
39,KO.05.01,0.9950111187024901,KO.02.01.01,0.00043431070157001804,KO.01.06.01,0.00031085556266583544,KO.05.01,True
3083,KO.04.01.01,0.9882058833218524,F04.02.02,0.0024152720450117578,EQUIP.07,0.0007984863931035819,KO.04.01.01,True
344,KO.02.02.01,0.9913247621035098,KO.02.02.03,0.0014858191934820383,KO.02.01.01,0.0008171227187975494,KO.02.02.01,True
158,SN.21,0.8006689481718623,SN.21.08,0.00578878492111248,SN.21.07,0.005699347000810076,SN.21,True
1700,KO.04.03.01,0.9967548550370067,KO.04.05.02,0.0007944103086857405,KO.04.02.01,0.0005561345399967003,KO.04.03.01,True
1193,KO.02.02.01,0.9895243366753116,EQUIP.08,0.0010058167734855053,KO.01.06.01,0.0006918219841393387,KO.02.02.01,True
921,KO.05.01,0.9966425650764588,F01.05.01,0.00023140194072877304,KO.02.02.04,0.0002305337711193318,KO.05.01,True
91,KO.04.03.01,0.9665459577367485,KO.04.01.01,0.002496656911265856,KO.04.02.01,0.0014852548878330075,KO.04.03.01,True
1256,F01.04.01,0.9982211124346226,KO.05.01,0.00033415104466086456,KO.99,8.919583786178613e-05,F01.04.01,True
2744,F01.04.01,0.9991628086137004,F01.05.01,9.281315957344371e-05,LF.10,4.3173122407743116e-05,F01.04.01,True
3074,KO.02.02.01,0.9884678372431005,KO.04.01.02,0.003033350722986296,KO.02.01.01,0.0009227948510284423,KO.02.02.01,True
2500,LF.05,0.8072126215176828,LF.31.01,0.018589888037493882,HZ.02.01,0.0174506530177634,LF.05,True
2406,F03.02,0.9924088381866087,KO.06.04,0.0007409293240500625,HZ.01.01,0.000394046577790741,F03.02,True
1870,F01.05.01,0.9630713653417241,KO.05.01,0.02525964121030739,OTH.01,0.0014713175359524085,F01.05.01,True
1019,F03.02,0.9914479988160433,KO.02.02.05.01,0.0009863153047934858,HZ.09.01,0.0008781234265722536,F03.02,True
1962,KO.04.01.02,0.9695503382476605,KO.02.02.01,0.002736338637985481,KO.02.02.04,0.0013923947593014973,KO.04.01.02,True
2825,KO.03.02.02,0.9899873136869394,KO.03.02.01,0.006859624405410697,KO.03.01.01,0.0003825111777876603,KO.03.02.02,True
881,KO.04.02.01,0.991524026309288,KO.04.02.03,0.0007227808651255328,F01.05.01,0.0002857151141056266,KO.04.02.01,True
2256,KO.03.02.01,0.984137680144425,KO.03.01.01,0.0014702823480837398,KO.03.02.03,0.0009034720417866983,KO.03.02.01,True
3002,KO.05.01,0.940182465782582,KO.02.02.04,0.0015040348462342435,LF.10,0.0014303821000314933,KO.05.01,True
97,KO.02.02.05.01,0.9934440193195793,KO.02.02.01,0.001444071876113068,F01.05.01,0.0003097342152234677,KO.02.02.05.01,True
1335,KO.04.05.02,0.9908190745466906,KO.04.02.01,0.004138082363646106,KO.99,0.0003543142662186424,KO.04.05.02,True
3082,SN.21.01,0.9716543909757538,KO.00.02,0.00793676531292665,KO.99,0.007309729346267699,KO.02.02.01,False
1478,KO.04.01.01,0.9883632692536977,F04.02.02,0.0031632631840396628,KO.04.05.01,0.002171250438423123,KO.04.01.01,True
180,KO.99,0.5855860005878434,HZ.01.01,0.06540725680201875,SN.01,0.04426866558699337,KO.99,True
2627,F01.04.01,0.9986006174097766,EQUIP.08,0.00021784079419614184,F01.05.01,7.427330186231796e-05,F01.04.01,True
1252,KO.04.02.03,0.995189318016255,KO.04.02.01,0.000693173492892101,SN.21.05,0.0003169050678607258,KO.04.02.03,True
3106,KO.04.02.01,0.9857067123986251,KO.04.01.02,0.0070955385995704525,F01.05.01,0.0003766823680605361,KO.04.02.01,True
2266,F01.04.01,0.9744247316708569,KO.05.01,0.014622365777266867,EL.01,0.003209039646111588,F01.04.01,True
2530,KO.04.02.03,0.9898592818495233,KO.04.05.02,0.0049992860297022376,HZ.01.01,0.00016312144123758926,KO.04.02.03,True
2361,KO.04.04.01,0.9971749385887533,KO.04.07,0.0004996128498519036,KO.04.04.02,0.00028151764023979755,KO.04.04.01,True
2688,EL.04,0.9910411894345386,SN.01,0.0018985646958193947,LF.03,0.0011379458490353577,EL.04,True
9,KO.04.02.03,0.9622647239140284,KO.04.02.01,0.010300413000281939,SN.21.05,0.0033309420618557427,KO.04.02.03,True
2414,KO.04.05.01,0.9938517789081535,F04.02.02,0.0011457718001871612,KO.04.01.01,0.0010407527483429673,KO.04.05.01,True
1767,SN.10,0.941138061731878,LF.08,0.008477633207280956,SN.07,0.005395560461438795,LF.08,False
660,KO.05.01,0.9966425650764588,F01.05.01,0.00023140194072877304,KO.02.02.04,0.0002305337711193318,KO.05.01,True
176,KO.02.02.01,0.8865579182372684,KO.99,0.008765095528806941,LF.30,0.007162458501813577,KO.02.02.01,True
729,KO.04.01.02,0.9906643512390821,KO.02.01.03,0.0009586919113197127,KO.02.02.04,0.000743998642640181,KO.04.01.02,True
1947,LF.05,0.8788287489007337,LF.31,0.10312371660207215,SN.21.05,0.008234125969940605,LF.05,True
727,KO.04.04.01,0.9985877736765663,KO.04.01.01,0.00035131630721204027,HZ.01.01,5.90454625237162e-05,KO.04.04.01,True
387,KO.04.02.01,0.9918222927635676,KO.04.02.03,0.0006973464674116935,F01.05.01,0.0002756609023857921,KO.04.02.01,True
122,KO.04.01.01,0.9376016553536297,KO.04.07,0.049332841558237965,KO.04.03.01,0.0009529183933584966,KO.04.01.01,True
473,KO.02.02.03,0.995278767120254,KO.02.02.01,0.0007909279131873177,KO.03.02.03,0.000367936981753113,KO.02.02.03,True
1937,KO.02.02.01,0.9863298148525894,KO.02.02.04,0.003910843681840541,F03.02.01,0.0013906603294239444,KO.02.02.01,True
1062,HZ.11,0.7656103952193251,SN.49.01,0.04806797295295693,SN.01,0.018168956796182533,HZ.11,True
2132,KO.04.01.02,0.9910350547942213,KO.02.02.04,0.0022941646255386344,KO.02.02.05.01,0.000601101736566545,KO.04.01.02,True
2837,F01.04.01,0.998239410318096,KO.05.01,0.0003341571698137005,KO.99,8.775870535330644e-05,F01.04.01,True
183,KO.99,0.6227194441165154,KO.00.02,0.10008645528636759,OTH.01,0.06919249357132523,KO.02.02.05,False
414,SN.21.08,0.5355107213824056,SN.10,0.01736558630859606,LF.10,0.009795637045419654,SN.21.08,True
96,KO.04.01.02,0.9644248501310988,SN.09,0.0030686683093705024,EQUIP.08,0.0011797275456229203,KO.04.01.02,True
1728,KO.03.02.01,0.9751172919024007,KO.03.01.01,0.00241278810698908,KO.03.02.02,0.0012317714400431423,KO.03.02.01,True
625,KO.04.04.01,0.9985725669707022,KO.04.01.01,0.00035131095729299473,KO.02.02.04,6.185216226149764e-05,KO.04.04.01,True
849,SN.09,0.6554522281926024,SN.12,0.04625783723333657,SN.10,0.03956977126493976,SN.12,False
1923,KO.04.01.01,0.7346463742244982,EL.09,0.061040492433441285,SN.09,0.04128501038851466,KO.04.01.01,True
732,KO.04.01.01,0.9922531202194449,KO.02.02.01,0.005139169019751833,KO.02.01.01,0.00025693291615876254,KO.04.01.01,True
1379,KO.02.02.02,0.44629850059088855,KO.02.02.01,0.3282504341456373,LF.10,0.01222192098788294,KO.02.02.02,True
1381,KO.04.01.02,0.990743994677014,EQUIP.07,0.0014407367072098265,KO.02.02.04,0.0007994920634086916,KO.04.01.02,True
578,F01.04.01,0.9982310396747155,KO.05.01,0.0003341543677699496,KO.99,8.775796946087576e-05,F01.04.01,True
2827,KO.06.01,0.6739224537004327,KO.03.02.01,0.19307117955604644,KO.03.01.01,0.025068679734514942,KO.06.01,True
510,KO.02.02.03,0.4520585837343482,KO.02.02.01,0.24203785827507876,KO.03.02.03,0.024113804471656838,KO.02.02.03,True
241,F01.04.01,0.998239410318096,KO.05.01,0.0003341571698137005,KO.99,8.775870535330644e-05,F01.04.01,True
2016,KO.02.02.05.01,0.9825080417717467,KO.02.02.01,0.005002366352849982,F03.02.01,0.002587080895419266,KO.02.02.05.01,True
1236,SN.01,0.8218723668029596,LF.03,0.15224581076835678,LF.23,0.0057713785840657235,SN.01,True
1671,KO.05.01,0.9966425650764588,F01.05.01,0.00023140194072877304,KO.02.02.04,0.0002305337711193318,KO.05.01,True
2904,EL.04,0.18614574644172477,KO.04.01.02,0.0250755437778552,SN.43,0.022190774475345548,EL.04,True
654,SN.49.01,0.9984110850894938,SN.01,5.9453624045990726e-05,SN.09,4.409618591338139e-05,SN.49.01,True
2171,KO.99,0.9956783523400161,SN.21.01,0.0006254193615513389,SN.43,0.00014337464885538038,KO.99,True
1891,KO.05.01,0.9968453004674215,F01.05.01,0.00023144901213086548,F01.04.01,0.00019835735269229364,KO.05.01,True
1365,KO.04.02.03,0.9962011793331625,KO.06.02,0.00012949478585615136,KO.04.02.01,0.00012167390267196316,KO.04.02.03,True
1607,EL.04,0.9965472041556079,SN.01,0.0006827516954743467,LF.30,0.00020851220150407707,EL.04,True
2290,KO.04.01.02,0.9904752041447118,KO.02.02.04,0.0021385577126413276,KO.02.02.05.01,0.0006264199552807359,KO.04.01.02,True
979,F01.04.01,0.9982211124346226,KO.05.01,0.00033415104466086456,KO.99,8.919583786178613e-05,F01.04.01,True
268,HZ.11,0.4770541016268408,SN.49.01,0.4087448088971654,EL.04,0.003363234123947745,SN.49.01,False
2348,KO.04.02.01,0.9869069080359735,KO.04.01.02,0.006192601328005828,KO.02.02.05.01,0.0002838276684426853,KO.04.02.01,True
2746,KO.04.02.03,0.9889432089002772,KO.04.05.02,0.005201090713484547,SN.05.01,0.0002372318718860917,KO.04.02.03,True
2209,LF.23,0.8916919208959603,LF.03,0.027470568327060324,SN.01,0.022087069230058445,LF.23,True
2114,KO.99,0.997033993806105,F01.05.01,0.0001031531768810015,KO.04.01.01,9.183455598991573e-05,KO.99,True
1894,F01.07,0.9001105801905714,KO.99,0.020574404985013894,KO.02.02.04,0.014580849805369646,KO.02.02.04,False
2931,KO.04.04.01,0.9953388810701778,KO.04.01.02,0.0031978946971230157,KO.02.02.04,0.00026311818234724615,KO.04.04.01,True
1079,KO.04.01.02,0.9887488495990983,KO.04.01.01,0.0003663644525875795,KO.02.02.04,0.0002693018543447421,KO.04.01.02,True
456,KO.04.01.02,0.9915670730079403,KO.02.02.04,0.0010075522984899206,EQUIP.07,0.0007698548650061036,KO.04.01.02,True
1040,KO.02.02.01,0.9794890526528076,KO.02.02.04,0.008144247277632622,KO.02.01.01,0.0013510052636638474,KO.02.02.01,True
1969,F01.04.01,0.9982398406637549,KO.05.01,0.0003341573138704127,KO.99,8.775874318649303e-05,F01.04.01,True
894,KO.02.02.05.01,0.9942735645881241,KO.02.02.03,0.0010269690888268744,KO.02.02.01,0.0010258026768815668,KO.02.02.05.01,True
1479,KO.04.02.03,0.9967731919190198,KO.04.01.02,0.00010941906809175494,KO.04.02.01,0.00010941170314916026,KO.04.02.03,True
51,KO.04.04.01,0.9941842507913888,KO.04.01.01,0.0020605099132395464,KO.04.07,0.0006555373941202286,KO.04.04.01,True
1497,KO.04.01.01,0.9825590786958972,KO.04.05.01,0.003931795675107621,F04.02.02,0.002341204716716172,KO.04.01.01,True
206,LF.31.01,0.9927303375462782,LF.31,0.005884304299810282,SN.21.08,0.0004622255134227812,LF.31.01,True
2069,KO.04.02.01,0.9838457430764508,KO.04.05.02,0.008793605368303214,KO.99,0.0010878584525386315,KO.04.02.01,True
986,KO.04.01.01,0.38426009670603123,KO.02.02.05.01,0.35148130224433,KO.02.02.03,0.09054692701229505,KO.04.01.01,True
2505,KO.00.02,0.9385048384892007,KO.99,0.026711841618558406,F04.02.02,0.023898185653650136,KO.04.01.01,False
345,F01.04.01,0.9982306093366449,KO.05.01,0.0003341542237157776,KO.99,8.775793162835628e-05,F01.04.01,True
2354,LF.03,0.2832791515254922,HZ.11,0.20238847351638845,SN.01,0.028951062039943347,LF.03,True
1779,KO.99,0.9965552916469681,F01.05.01,0.00011860207301409022,KO.04.01.01,0.00011461474911216409,KO.99,True
85,F01.04.01,0.9988777325622222,KO.01.06.01,0.00014916962597623243,KO.99,6.443826913690388e-05,F01.04.01,True
207,KO.02.02.04,0.35600819118470733,SN.10,0.33730120069823466,EL.09.01,0.04664220864198392,EL.09,False
2091,KO.04.01.01,0.937418493407676,KO.04.03.01,0.00602501097899533,KO.01.03,0.002108260999541069,KO.04.01.01,True
1138,F03.02,0.9787852108790482,KO.02.02.04,0.00499129686262207,KO.02.02.05.01,0.0011806760002783035,F03.02,True
2778,KO.02.02.01,0.9884831620607553,KO.04.01.02,0.0030120154247167056,KO.02.01.01,0.000916304304703173,KO.02.02.01,True
967,SN.01,0.9538787952231998,HZ.03.01,0.030447465570303995,LF.23,0.002115420743882602,SN.01,True
1535,KO.99,0.9969571053875748,KO.04.01.01,0.00010322549628071906,KO.02.01.04,8.328234754300717e-05,KO.99,True
613,KO.06.04,0.9590887972814179,KO.99,0.00569242723396885,LF.30,0.002859610239465031,KO.04.01.01,False
303,KO.01.01.01,0.9929767517027712,KO.00.02,0.0006003365969462365,KO.05.01,0.0005702706465457661,KO.01.01.01,True
767,KO.05.01,0.9878865668964749,F04.02.02,0.004885369720788895,KO.04.01.01,0.0011589397488848113,KO.05.01,True
2908,SN.01,0.9674797735883834,LF.03,0.00982206307522274,LF.23,0.004848217164596082,SN.01,True
948,KO.04.03.01,0.9980249798065863,KO.04.01.01,0.0001904783375950382,KO.04.02.03,0.0001314729967362342,KO.04.03.01,True
317,KO.03.02.01,0.899712758933904,KO.03.01.01,0.01051587702670687,KO.04.02.01,0.006194726461667487,KO.04.02.01,False
1198,F01.04.01,0.9782552032623072,KO.03.02.01,0.018447955490487864,KO.06.01,0.0006474345491942204,F01.04.01,True
2415,KO.04.02.01,0.99178596423532,KO.04.02.03,0.0005731100769851388,HZ.01.01,0.0002383632272529009,KO.04.02.01,True
1092,SN.01,0.7675441414413497,SN.05.02,0.050241904253337806,LF.23,0.04253443223916498,SN.01,True
2774,KO.04.02.03,0.9956746809536173,KO.04.05.02,0.00042414276260523744,KO.04.01.02,0.0003778969605149758,KO.04.02.03,True
1434,SN.10,0.8661939420888394,EL.10,0.02975755982684734,EL.09.01,0.015480052051953968,KO.02.02.04,False
468,KO.04.01.01,0.9958667480449758,EQUIP.08,0.0009346964350454551,F04.02.02,0.0008315257163424726,KO.04.01.01,True
759,KO.04.02.01,0.9857372132989116,KO.04.01.02,0.00709575815809895,F01.05.01,0.0003766940238108758,KO.04.02.01,True
1432,HZ.03.01,0.9933133681518251,LF.04,0.0010702536722990523,SN.01,0.0009512344364558469,HZ.03.01,True
860,SN.22.02,0.22641650509116878,SN.21,0.08774936806950477,HZ.01.01,0.040460683759046705,SN.22.02,True
298,KO.04.01.01,0.9306287278038278,KO.01.03,0.061535293749550656,F04.02.02,0.0023430560878007272,KO.04.01.01,True
2469,SN.01,0.9471926916187653,LF.03,0.021903926123074142,EL.01,0.0024804666341148567,SN.01,True
266,KO.04.02.03,0.9967681083782948,KO.04.02.01,0.0001053591354676059,SN.01,8.963786433880304e-05,KO.04.02.03,True
3127,SN.21.01,0.11018538988936318,F01.04.01,0.0916242786663866,KO.02.02.01,0.06663012797880417,F01.04.01,False
1287,KO.02.02.01,0.9867164846628577,KO.02.02.04,0.0031044824737996067,KO.02.02.03,0.0006728746268486614,KO.02.02.01,True
1188,SN.10,0.8295781358138425,HZ.09.01,0.025394311786046345,LF.08,0.025106748325041835,SN.10,True
1007,KO.05.01,0.9903533224856592,F01.05.01,0.0031328227427057406,EL.01,0.0006655305320311713,KO.05.01,True
1639,SN.03,0.9817421028146498,SN.18.05,0.005142347567963771,SN.21,0.0009179490536494454,SN.18.05,False
386,KO.02.02.01,0.9873654828561022,KO.02.02.04,0.004236848574776805,KO.02.01.01,0.0007248438601848519,KO.02.02.01,True
29,F01.04.01,0.9981439468221609,KO.05.01,0.00036369174898113197,KO.99,0.0001433310155620702,F01.04.01,True
678,LF.13,0.9936455258417637,LF.04,0.00024951174132728017,SN.09,0.00020027155625968702,LF.13,True
2397,KO.03.02.03,0.9799725567115469,KO.03.02.01,0.008164440585788862,KO.03.01.01,0.0012284724808241838,KO.03.02.03,True
583,KO.04.02.03,0.9966176517004398,SN.01,0.0001197244844620611,KO.06.02,0.00011292751483431289,KO.04.02.03,True
2672,KO.04.04.01,0.9964893364651509,KO.04.01.01,0.0008353992156186309,EQUIP.07,0.00013147702131100284,KO.04.04.01,True
1358,LF.03,0.966587788067738,LF.30,0.012296134100210616,SN.01,0.010015869638501766,LF.30,False
3011,KO.02.02.01,0.9520668809542553,KO.02.01.01,0.014875774454053617,KO.02.02.04,0.002345408439736062,KO.02.02.01,True
1474,SN.01,0.9924237487137022,LF.23,0.000823260394569563,KO.02.02.01,0.00043326253873639524,SN.01,True
2879,KO.02.02.01,0.9413792160754958,KO.02.02.04,0.01664733664310867,KO.02.02.03,0.014249632909299684,KO.02.02.01,True
1785,KO.01.03,0.9917628256158871,KO.04.01.01,0.0017207901867939566,KO.99,0.0007470551177750955,KO.01.03,True
179,F04.02.02,0.9904549704888491,KO.04.01.02,0.0025552386328387285,KO.04.01.01,0.0008508996626070715,F04.02.02,True
830,INT.06.01,0.9935099326043795,KO.04.01.01,0.0006714379070825638,KO.04.03.01,0.00037645764918824083,INT.06.01,True
928,KO.02.02.01,0.6140037769468571,KO.01.06.01,0.15707325172502315,KO.02.01.01,0.12775932258253633,KO.02.02.01,True
1268,LF.03,0.17373815737625672,SN.43,0.13912115142106263,EL.01,0.09893661057382136,EL.01,False
1174,KO.04.04.01,0.9976093485812214,KO.04.01.01,0.0009095695164049265,KO.04.07,0.0002532513618677168,KO.04.04.01,True
2575,KO.99,0.98492048013738,KO.04.01.01,0.0006776672419676761,KO.02.01.04,0.0003883081798491733,KO.99,True
199,SN.09,0.9180356702386897,SN.05.01,0.03712674193681329,SN.10,0.007002790647018098,SN.09,True
13,KO.99,0.975947417677965,F01.05.01,0.0013488472018063338,KO.04.01.01,0.0008426827913623363,KO.99,True
509,KO.01.06.01,0.09989736056337023,KO.06.02,0.08642234600748912,KO.02.01.01,0.06530151848223188,KO.06.02,False
1366,F01.04.01,0.9982306093366449,KO.05.01,0.0003341542237157776,KO.99,8.775793162835628e-05,F01.04.01,True
2545,F01.04.01,0.9579732071520513,KO.05.01,0.035995784068584856,F01.05.01,0.0031278671890318513,F01.04.01,True
577,KO.06.01,0.215510941625264,KO.03.01.01,0.18649234240222168,F03.02,0.04177028782687958,KO.06.04,False
10,KO.02.02.01,0.9909012260695872,KO.02.01.01,0.0013413404763686098,KO.02.02.04,0.0007148124388396729,KO.02.02.01,True
434,KO.04.01.02,0.9872918466870934,EL.09.01,0.0008309290794420222,KO.02.02.05,0.0005623387505084016,KO.04.01.02,True
2506,KO.02.02.01,0.9884301760816041,KO.04.01.02,0.0030332351506761517,KO.02.01.01,0.0008707332033208065,KO.02.02.01,True
2975,KO.04.05.02,0.991764820795507,KO.04.02.01,0.002766296206976315,KO.99,0.0011631468686198094,KO.04.05.02,True
1455,LF.23,0.977035064750464,LF.04,0.005337446277924295,LF.31.01,0.0022864765657063238,LF.23,True
2130,KO.05.01,0.9911696311595465,F01.05.01,0.0019188924759536202,KO.99,0.0006366357350389635,KO.05.01,True
1416,KO.05.01,0.9966425650764588,F01.05.01,0.00023140194072877304,KO.02.02.04,0.0002305337711193318,KO.05.01,True
2559,KO.04.04.01,0.9952844222217362,KO.04.01.01,0.0018003586402496206,SN.43,0.0007986852390262966,KO.04.04.01,True
1134,KO.04.01.01,0.9759113450007759,EQUIP.07,0.01277236688253429,KO.02.02.04,0.002884132865156152,KO.04.01.01,True
430,F01.04.01,0.9982211124346226,KO.05.01,0.00033415104466086456,KO.99,8.919583786178613e-05,F01.04.01,True
788,KO.02.02.01,0.9722001710025439,KO.04.07,0.0191111440476686,F03.02.01,0.0016923628766781014,KO.02.02.01,True
1514,F01.04.01,0.9982299132486134,KO.05.01,0.0003341539907027307,KO.99,8.9196624256672e-05,F01.04.01,True
891,KO.01.03,0.9269358864144862,KO.02.02.01,0.029900386195720954,KO.04.01.01,0.019615338577976923,KO.01.03,True
392,SN.03,0.9919921683356083,SN.18.05,0.004571453383105247,SN.21,0.00023379489256278638,SN.03,True
2866,KO.04.02.03,0.9967768408041231,KO.04.02.01,0.00010941210367230533,KO.02.02.04,8.13119000755184e-05,KO.04.02.03,True
646,KO.04.07,0.9612806855748087,KO.04.04.01,0.02658320955156127,KO.06.01,0.006519725982233365,KO.04.07,True
791,F01.04.01,0.9824011547351023,KO.04.01.02,0.01517041738926886,KO.02.02.04,0.0005219961410992804,F01.04.01,True
560,KO.05.01,0.9966425650764588,F01.05.01,0.00023140194072877304,KO.02.02.04,0.0002305337711193318,KO.05.01,True
3063,F01.04.01,0.9982299132486134,KO.05.01,0.0003341539907027307,KO.99,8.9196624256672e-05,F01.04.01,True
232,KO.04.01.02,0.9896524715775663,HZ.08.01,0.0005371618140336533,KO.02.02.05.01,0.0004124726610492567,KO.04.01.02,True
2952,F01.04.01,0.9982306093366449,KO.05.01,0.0003341542237157776,KO.99,8.775793162835628e-05,F01.04.01,True
947,KO.04.01.01,0.9939961337972544,F04.02.02,0.0012162331053591205,KO.03.02.03,0.00042202924637298276,KO.04.01.01,True
439,KO.99,0.996383254401723,SN.21.01,0.0005253766923215486,SN.43,0.00012044030519227864,KO.99,True
2336,SN.03,0.9923794596881614,SN.18.05,0.004046927910687296,SN.21,0.0008996575565853714,SN.03,True
2666,KO.04.01.01,0.8661777963143821,KO.99,0.008784647900635182,KO.04.03.01,0.0075272456729802715,KO.04.04.01,False
2391,KO.05.01,0.994951228204018,F04.02.02,0.0019722870253467617,KO.04.05.01,0.00059181827499447,KO.05.01,True
1105,KO.04.01.01,0.9649221632957168,F04.02.02,0.007043530447134393,KO.04.05.01,0.006767871442603971,KO.04.01.01,True
2148,F01.04.01,0.9976999676759681,LF.10,0.00031396759909623807,F01.05.01,0.0001280284769406949,F01.04.01,True
1323,F01.04.01,0.9982299132486134,KO.05.01,0.0003341539907027307,KO.99,8.9196624256672e-05,F01.04.01,True
2916,KO.05.01,0.9968453004674215,F01.05.01,0.00023144901213086548,F01.04.01,0.00019835735269229364,KO.05.01,True
1831,KO.04.07,0.9782599682135,KO.04.04.02,0.011592315030209972,KO.04.04.01,0.0064133177624421485,KO.04.07,True
2045,F01.04.01,0.9975929650811018,KO.99,0.00016077856706905915,LF.10,0.00014093258789062157,F01.04.01,True
2585,KO.04.01.01,0.9824919946012967,F03.02,0.015394772274063018,KO.02.02.04,0.0001742574303881208,KO.04.01.01,True
2561,F03.02,0.9936075465378784,KO.04.01.02,0.00045882731484745993,KO.02.02.04,0.00023108922706569431,F03.02,True
2645,LF.13,0.994006017659494,LF.04,0.00017163219838411514,EL.04,0.00017157104349302982,LF.13,True
1907,KO.02.02.03,0.9942802035306898,F03.02.01,0.0011226621119135682,KO.02.02.01,0.0008450959781039231,KO.02.02.03,True
1485,F01.04.01,0.9367775993407546,KO.05.01,0.05835494538534562,F01.05.01,0.0011497093449525098,F01.04.01,True
528,KO.04.01.01,0.9568775540337945,KO.99,0.005521350583327696,F04.02.02,0.0020554331964648355,KO.04.01.01,True
3065,KO.05.01,0.9966425650764588,F01.05.01,0.00023140194072877304,KO.02.02.04,0.0002305337711193318,KO.05.01,True
1636,KO.02.02.01,0.9628592897843374,KO.04.01.02,0.00997534242592689,KO.02.01.01,0.0027897132824345515,KO.02.02.01,True
1522,KO.04.01.01,0.9752504121021293,F03.02,0.02086999276431416,KO.02.02.04,0.0013634308407265957,KO.04.01.01,True
1308,KO.04.04.01,0.9388680062740165,KO.04.01.01,0.04907259477264319,KO.02.02.04,0.005034713266727373,KO.04.04.01,True
2764,KO.04.01.01,0.9901666881065279,F04.02.02,0.0017912297733458766,EL.29,0.0008161020504818874,KO.04.01.01,True
1863,KO.02.02.03,0.9953280620104171,KO.02.02.01,0.0008445235796853659,KO.02.02.05.01,0.0002185143269351832,KO.02.02.03,True
3072,KO.04.01.02,0.8510176680700026,KO.04.05.02,0.03665269921542199,KO.02.01.03,0.013814930933852498,KO.04.02.01,False
2007,KO.04.01.01,0.9720318586094318,EQUIP.07,0.014565529731565894,KO.02.02.04,0.00349264507078913,KO.04.01.01,True
1051,F01.04.01,0.9981439468221609,KO.05.01,0.00036369174898113197,KO.99,0.0001433310155620702,F01.04.01,True
2366,SN.10,0.6795864468498692,SN.05.01,0.20723460330849,LF.07,0.026123752484980615,SN.10,True
92,LF.05,0.7793107543636387,HZ.02.01,0.023519542678829032,LF.03,0.01796813642220122,LF.05,True
2213,KO.99,0.9964458094091999,SN.21.01,0.0005254096765600645,SN.43,0.00012044786668446404,KO.99,True
1729,F01.04.01,0.9114463688663013,KO.02.02.05.02,0.07910703763929539,KO.05.01,0.007676205277867572,F01.04.01,True
923,SN.49.01,0.93558979182976,HZ.11,0.05636215261470912,LF.04,0.0005609921843238948,SN.49.01,True
1227,LF.13,0.9939563146711284,SN.49.01,0.0003987336473741934,KO.02.02.04,0.00013422708263504722,LF.13,True
127,F03.02,0.9923563501786132,KO.02.02.05.01,0.0009872189536506146,EQUIP.07,0.0007679330253871182,F03.02,True
184,F01.04.01,0.9981547442437486,KO.05.01,0.00036369568321642363,KO.99,0.0001410205920305724,F01.04.01,True
1564,F01.07,0.7524213232809133,KO.05.01,0.05842981684110198,KO.02.02.05.01,0.02984518039088269,KO.02.02.05.01,False
740,KO.02.02.02,0.9925814619499845,KO.02.02.01,0.001375973579942328,KO.02.01.01,0.0005393855487531093,KO.02.02.02,True
294,KO.05.01,0.9968614420697983,SN.21,0.00021794283269815077,F01.05.01,0.00015922944314245902,KO.05.01,True
2678,KO.04.01.01,0.9979744212986531,KO.02.02.04,0.0003851361683397505,HZ.35,0.00014841534963894057,KO.04.01.01,True
2623,SN.10,0.9609997181316741,SN.05.01,0.015434868257117004,KO.99,0.0013027326497610815,SN.10,True
2437,HZ.11,0.9710875090081761,SN.49.01,0.021303802419844208,LF.04,0.0016089126817895644,HZ.11,True
2499,KO.01.02.01,0.6699645424454789,KO.04.01.01,0.2134047848097793,KO.04.03.01,0.010764669479797996,KO.01.02.01,True
487,F01.04.01,0.9982299132486134,KO.05.01,0.0003341539907027307,KO.99,8.9196624256672e-05,F01.04.01,True
458,F01.04.01,0.9982310396747155,KO.05.01,0.0003341543677699496,KO.99,8.775796946087576e-05,F01.04.01,True
2498,F01.05.01,0.9631115372112506,KO.05.01,0.025215048039442172,OTH.01,0.001471378907911137,F01.05.01,True
1465,KO.02.02.05.01,0.9937725641480514,KO.02.02.01,0.0013737316316817555,HZ.01.01,0.00023254397686247282,KO.02.02.05.01,True
840,SN.10,0.8043392229769157,EL.10,0.04836494052385522,SN.09,0.016761245372141718,EL.09.01,False
485,F03.02,0.9928073989695166,KO.06.04,0.0007412268882797528,KO.02.02.04,0.00034461137638455876,F03.02,True
2546,LF.03,0.839859067676417,LF.23,0.04422847988786361,SN.01,0.021133310625707454,SN.01,False
2807,F03.02,0.9927494120525033,KO.06.04,0.0007411835954294947,KO.02.02.04,0.0003317347616329919,F03.02,True
170,KO.04.01.01,0.7554657571477598,EQUIP.08,0.023131256879626257,KO.02.02.01,0.020147325638215186,KO.04.01.01,True
2734,KO.04.01.02,0.9927237650534931,KO.03.02.02,0.0003496340025683295,KO.02.02.05.01,0.00029993062185070234,KO.04.01.02,True
340,KO.04.01.02,0.9922193028501606,KO.02.02.04,0.000589041662300538,KO.02.02.05.01,0.0005197284926181819,KO.04.01.02,True
870,KO.02.02.03,0.9943314571378354,KO.02.02.01,0.0012544519103229372,KO.02.01.01,0.000456978172545276,KO.02.02.03,True
2137,SN.09,0.9778409559555785,SN.10,0.0015077045852307938,KO.02.02.04,0.0009984319357879564,SN.09,True
50,F01.04.01,0.9942630821731829,KO.05.01,0.0013334973590182736,LF.10,0.0005331898519509323,F01.04.01,True
2641,KO.02.02.01,0.988551234777392,KO.04.01.02,0.0030122228496687756,KO.02.01.01,0.000847231925864711,KO.02.02.01,True
2732,KO.02.02.01,0.9498646956107424,KO.02.02.04,0.009566009193638076,KO.02.01.03,0.004202408654247812,KO.02.02.01,True
1993,F03.02,0.9921275769448931,KO.02.02.05.01,0.001010832418233438,EQUIP.07,0.0007677559896665662,F03.02,True
1568,KO.02.02.02,0.9877662431857158,KO.02.02.04,0.003545468138506661,KO.02.01.01,0.0018364201952004112,KO.02.02.02,True
843,LF.03,0.9231539527489973,LF.30,0.04836395073722255,LF.31,0.011422988223825755,LF.03,True
2151,KO.02.02.01,0.9911321974280004,KO.02.01.01,0.0010613857408070578,KO.02.02.04,0.0005447666794687758,KO.02.02.01,True
656,GAS.01,0.9927253624844475,EQUIP.08,0.0007882583463190089,KO.99,0.0007382514019894674,GAS.01,True
370,KO.02.02.01,0.9729184889930081,KO.04.07,0.01912526447162783,LF.07,0.0012652556286506702,KO.02.02.01,True
1757,KO.05.01,0.9966425650764588,F01.05.01,0.00023140194072877304,KO.02.02.04,0.0002305337711193318,KO.05.01,True
1725,KO.04.01.01,0.9949739870693116,F04.02.02,0.0012881580926933076,KO.04.03.01,0.00017027046686963606,KO.04.01.01,True
1241,KO.99,0.9963470349090525,SN.21.01,0.0005253575943718665,SN.43,0.00012043592707097655,KO.99,True
1606,F01.04.01,0.9860718225235552,KO.03.02.01,0.010629725876498538,KO.06.01,0.0006193352899788734,F01.04.01,True
193,F01.04.01,0.9982299132486134,KO.05.01,0.0003341539907027307,KO.99,8.9196624256672e-05,F01.04.01,True
2684,KO.01.03,0.9926400215169013,KO.04.01.01,0.0015601962203794263,KO.99,0.0004373094609685206,KO.01.03,True
164,LF.31,0.9919732005998545,SN.21,0.0008015638964658619,LF.31.01,0.0007765596821439698,LF.31,True
2098,INT.07.01,0.11815774139810002,KO.02.02.01,0.07010673738450403,KO.02.01.01,0.06796967943548995,KO.01.02.01,False
406,KO.02.02.01,0.9501792513063045,KO.02.02.04,0.009536061478970787,KO.02.01.03,0.004203800317274537,KO.02.02.01,True
1925,KO.04.02.03,0.9961927165727481,KO.04.01.02,0.000543450118602489,SN.09,0.00013112923552991698,KO.04.02.03,True
1220,KO.03.02.02,0.9826290992935188,KO.03.02.01,0.014388118431289277,KO.03.01.01,0.0003796681118057749,KO.03.02.02,True
1705,KO.03.02.01,0.9742655958397408,KO.03.01.01,0.0021944851139558187,KO.04.02.03,0.001566713935635005,KO.03.02.03,False
2800,KO.04.04.01,0.9986105169252595,KO.04.01.01,0.000351324308585936,KO.02.02.04,6.185451290362896e-05,KO.04.04.01,True
1995,SN.01,0.6563278375896844,LF.03,0.05871974344441849,LF.23,0.05376375804060652,HZ.03.01,False
2991,F01.04.01,0.9982008352547533,KO.05.01,0.0003341442569454459,KO.99,8.919402599863738e-05,F01.04.01,True
3043,F01.04.01,0.9981817074498565,KO.05.01,0.0003341378539793007,OTH.01,0.00010642626193277834,F01.04.01,True
717,F03.02,0.9923812570123579,EQUIP.07,0.0007679522994918156,KO.02.02.05.01,0.0007300699227581082,F03.02,True
2779,KO.02.02.04,0.9831692003330634,F03.02.01,0.004090323751629056,EQUIP.07,0.0014558407382009217,KO.02.02.04,True
2436,OTH.01,0.2863883994405225,KO.99,0.23891620899316157,KO.05.01,0.05598007429285163,KO.02.02.01,False
952,KO.02.02.01,0.9911876495380757,KO.02.02.04,0.0012548336449038707,F03.02.01,0.0008060186351188194,KO.02.02.01,True
1475,SN.01,0.888624621120501,LF.03,0.013601258927585074,EL.04,0.012759178863151128,SN.01,True
2295,KO.04.01.01,0.9877840480406012,KO.04.05.01,0.0008770884541470856,KO.04.03.01,0.0006049212928408019,KO.04.01.01,True
3006,F01.04.01,0.9982211124346226,KO.05.01,0.00033415104466086456,KO.99,8.919583786178613e-05,F01.04.01,True
1376,F01.04.01,0.9982299132486134,KO.05.01,0.0003341539907027307,KO.99,8.9196624256672e-05,F01.04.01,True
2519,KO.05.01,0.9814375157372603,KO.02.01.01,0.001659626681333975,F01.05.01,0.0013054429414899088,KO.05.01,True
3128,SN.03,0.9169736537117973,SN.18.05,0.02715051280290705,SN.21,0.02672534085327091,SN.03,True
1758,KO.05.01,0.9074100212584376,KO.02.02.05.02,0.0886403167387928,KO.02.01.01,0.00041281403703962203,KO.05.01,True
2131,KO.04.01.02,0.992257033237689,KO.02.02.05.01,0.0009022777368899265,KO.02.02.04,0.0005052477734022297,KO.04.01.02,True
1586,KO.02.02.05.02,0.7248430395000311,F01.05.01,0.23528531914947798,SN.05.02,0.009302753366291456,F01.05.01,False
606,KO.04.01.01,0.9041756819978255,KO.02.02.01,0.05475938756315183,KO.02.02.03,0.004437967726837709,KO.04.01.01,True
2445,SN.21.08,0.9018257942787156,SN.21.05,0.07135800999024765,SN.21,0.02150185442652024,SN.21.08,True
1864,KO.05.01,0.9971460675999448,KO.01.06.01,0.000202428671097282,KO.02.01.01,0.00016897438904790558,KO.05.01,True
408,KO.02.01.01,0.9883663217042994,KO.02.02.01,0.003126585244834903,KO.02.01.04,0.0007870790535023556,KO.02.01.01,True
747,KO.04.02.03,0.9661543323244819,KO.04.02.01,0.010342048708254356,EL.04,0.0007278106739170966,KO.04.02.03,True
1957,SN.21,0.5543603231675066,SN.05.01,0.04715633093611949,SN.22.01,0.018757310161339052,SN.21,True
818,KO.04.01.02,0.9814251221867413,EL.09.01,0.0010203056349051185,KO.02.02.05.01,0.0009533219142722073,KO.04.01.02,True
1414,LF.13,0.9941514248196113,EL.04,0.0001715961415887651,I01.02,0.0001661011807777561,LF.13,True
1777,KO.02.02.01,0.9888671665033364,KO.02.02.04,0.0012029832975317257,KO.02.01.01,0.000947588282346384,KO.02.02.01,True
289,KO.01.06.01,0.6508282861084935,KO.02.02.01,0.31942678546691783,KO.02.01.01,0.005982949371445651,KO.02.02.01,False
2999,KO.99,0.9970681241112734,F01.05.01,0.00010586868003135048,KO.04.01.01,8.918635607801448e-05,KO.99,True
540,KO.02.02.01,0.9086102297947323,LF.07,0.08077667256362427,KO.02.02.03,0.0023847569151864956,KO.02.02.01,True
667,F04.02.02,0.9904585019824546,KO.04.01.02,0.0025552477436102034,KO.04.01.01,0.0008651982267102726,F04.02.02,True
1491,KO.02.02.01,0.5188074751994382,KO.02.01.01,0.13734836594780025,KO.02.02.04,0.04242298803326881,KO.02.01.01,False
704,I01.02,0.8433465137889503,KO.02.02.04,0.027769564391292648,LF.03,0.026735593749020386,F01.07,False
2674,F01.04.01,0.998239410318096,KO.05.01,0.0003341571698137005,KO.99,8.775870535330644e-05,F01.04.01,True
3060,I01.01,0.3111727483090519,EQUIP.08,0.3036685125669146,F01.05.07,0.13408705223733322,EQUIP.08,False
1339,KO.04.02.03,0.9100207299062943,KO.04.02.01,0.015651108830339253,KO.04.01.02,0.0025020358194756238,KO.04.02.03,True
1653,KO.04.01.01,0.9196579123726315,EQUIP.07,0.07084720478981422,KO.02.02.04,0.0017857544477289963,KO.04.01.01,True
2655,F01.06,0.8518285645499233,LF.03,0.14087900242392706,SN.01,0.0025504049090925383,F01.06,True
2900,F01.04.01,0.9982012430113013,KO.05.01,0.0003341443934405318,KO.99,8.91940624336381e-05,F01.04.01,True
3121,KO.02.02.01,0.9681447435409086,SN.22.01,0.01255128225790667,KO.02.01.01,0.001918594209412997,KO.02.02.01,True
815,KO.04.02.03,0.9967880795923888,KO.04.02.01,0.00010536124643989072,SN.01,8.96396603201999e-05,KO.04.02.03,True
2909,F01.04.01,0.9982211124346226,KO.05.01,0.00033415104466086456,KO.99,8.919583786178613e-05,F01.04.01,True
2489,SN.21.05,0.9197874678946397,LF.05,0.009972504874354575,SN.21,0.0052628097621314355,SN.21.05,True
1555,KO.05.01,0.9919621813563184,KO.04.05.01,0.001140333323221329,F04.02.02,0.0010741784995979512,KO.05.01,True
1933,KO.02.02.01,0.9884831620607553,KO.04.01.02,0.0030120154247167056,KO.02.01.01,0.000916304304703173,KO.02.02.01,True
1109,KO.04.01.02,0.4424956099717646,F04.02.02,0.2774737918296166,KO.04.01.01,0.11551980413743104,KO.04.01.01,False
626,EL.10,0.25459066022449983,SN.09,0.14228148331268703,SN.12,0.07568386041019004,SN.10,False
3098,F01.04.01,0.9981439468221609,KO.05.01,0.00036369174898113197,KO.99,0.0001433310155620702,F01.04.01,True
2206,KO.04.01.02,0.9890878663648409,HZ.01.01,0.000697734371822452,KO.03.02.02,0.00046375129797568106,KO.04.01.02,True
254,KO.04.01.01,0.9937562080110801,F04.02.02,0.0014840396299409568,KO.02.02.04,0.0002660331832939763,KO.04.01.01,True
1199,KO.05.01,0.987319532448268,INT.07.01,0.0038319373630789095,F01.05.01,0.0018131503678186977,KO.05.01,True
779,KO.02.02.04,0.9685928830721807,EQUIP.07,0.005886420839714449,I01.01,0.0012649089805091376,KO.02.02.04,True
25,SN.05.01,0.9863729474220112,SN.07,0.0005588762256907793,SN.01,0.0005480288191308265,SN.05.01,True
3068,KO.04.02.03,0.9966989350717982,KO.06.02,0.00011212356604495797,KO.04.01.02,0.00010941091667367076,KO.04.02.03,True
1533,KO.02.02.01,0.3240992541724858,F01.05.01,0.17967511665283514,F03.02.01,0.08729423822640668,KO.02.02.01,True
2918,SN.21,0.9067104179850735,SN.22.02,0.008098132340066636,SN.10,0.0032330526368600145,SN.21,True
1175,KO.05.01,0.9920710322882795,KO.99,0.0005024129618025955,KO.01.02.01,0.00045563249956272206,KO.05.01,True
766,KO.04.02.03,0.9958931978632399,KO.04.02.01,0.0006821992915062542,SN.01,0.00016365828468740476,KO.04.02.03,True
2529,KO.05.01,0.9977599418680148,F01.05.01,0.00014280718321418734,EQUIP.08,0.00011541001793219678,KO.05.01,True
3103,F04.02.02,0.9904549704888491,KO.04.01.02,0.0025552386328387285,KO.04.01.01,0.0008508996626070715,F04.02.02,True
1897,EL.09,0.20980086140322554,SN.09,0.2044292811943421,SN.43,0.17410985934387707,KO.04.01.01,False
1594,KO.02.02.01,0.8879249348009287,F01.05.01,0.0552993230584771,KO.02.01.01,0.012317424743310965,KO.02.02.01,True
1800,KO.02.02.05.01,0.9805315581960118,KO.02.02.01,0.0054262259493146345,F03.02.01,0.0014364669203577383,KO.02.02.05.01,True
716,KO.04.01.02,0.9837304809993501,EQUIP.07,0.00150823050623488,KO.03.02.03,0.0011494521917132432,KO.04.01.02,True
2239,KO.02.02.01,0.9847320985327289,KO.02.02.04,0.003736042229531665,KO.02.01.01,0.0014686642823456407,KO.02.02.01,True
1977,KO.99,0.9964159779397749,SN.21.01,0.0005253939469111926,SN.43,0.00012044426073136717,KO.99,True
1581,F01.04.01,0.9983530496081869,EQUIP.08,0.0003648498069679286,LF.10,7.809153173973228e-05,F01.04.01,True
132,KO.05.01,0.99644184963648,F01.04.01,0.0003062445177211127,EQUIP.08,0.0002708099289084191,KO.05.01,True
1317,KO.04.01.01,0.984842279561338,F03.02,0.013374297461015046,KO.02.02.04,0.00013245649416376227,KO.04.01.01,True
1778,KO.05.01,0.9871987709340404,F04.02.02,0.0034842268007875105,KO.04.01.01,0.0031904785373805364,KO.05.01,True
1614,F01.04.01,0.9982306093366449,KO.05.01,0.0003341542237157776,KO.99,8.775793162835628e-05,F01.04.01,True
1801,KO.04.01.02,0.9196536903259724,EL.29,0.016531922097685794,KO.04.02.03,0.0019420559115521903,KO.04.01.02,True
2828,SN.49.01,0.9728255252000637,HZ.11,0.018355094676416238,EL.04,0.00026324588349711504,SN.49.01,True
903,SN.49.01,0.9919071786437629,LF.04,0.0003834293120404899,LF.30,0.00034788680069006725,SN.49.01,True
760,KO.04.04.01,0.9906930633412345,KO.04.01.01,0.0036036604399152863,KO.04.05.01,0.001024478537027577,KO.04.04.01,True
2601,F01.06,0.8261644140624554,F01.05.01,0.17071686853364,SN.05.02,0.0010146697405614246,F01.06,True
418,KO.02.02.05.02,0.9878461367928988,KO.02.02.03,0.001979266692230249,KO.02.02.01,0.0016270136551255444,KO.02.02.05.02,True
1384,F01.04.01,0.9982299132486134,KO.05.01,0.0003341539907027307,KO.99,8.9196624256672e-05,F01.04.01,True
1585,KO.04.01.02,0.975116245382691,HZ.35,0.006705161841229388,KO.04.01.01,0.0008174597093486181,KO.04.01.02,True
356,KO.04.01.01,0.9952197210575272,F04.02.02,0.0010201010513141398,F01.05.01,0.00025452260664962173,KO.04.01.01,True
110,KO.02.02.01,0.978978512802814,KO.02.02.04,0.009000402188913001,LF.07,0.0029814563062858434,KO.02.02.01,True
457,F01.04.01,0.9982306093366449,KO.05.01,0.0003341542237157776,KO.99,8.775793162835628e-05,F01.04.01,True
803,KO.04.02.01,0.9876107552893493,KO.04.01.02,0.005911360492569507,KO.02.02.05.01,0.0001920135301556592,KO.04.02.01,True
256,KO.99,0.36870052236476486,OTH.01,0.27070624824279627,KO.00.02,0.12028144562657021,KO.99,True
216,F01.04.01,0.9981444242835991,KO.05.01,0.000334125373569101,HZ.08.01,8.844751092225344e-05,F01.04.01,True
3028,KO.05.01,0.9963341517890082,KO.02.01.01,0.00028467538007219607,HZ.08.01,0.00017885800922372037,KO.05.01,True
3117,KO.04.01.01,0.9937358268737472,F04.02.02,0.0015329841548338684,EQUIP.07,0.00042641910487896184,KO.04.01.01,True
2963,I01.01,0.9336671706176455,KO.02.02.04,0.02193575108348859,I01.02,0.006698513760906379,I01.01,True
1946,F01.04.01,0.9981439468221609,KO.05.01,0.00036369174898113197,KO.99,0.0001433310155620702,F01.04.01,True
611,KO.04.01.01,0.9924035971162753,KO.02.02.04,0.0011514169451984338,KO.04.01.02,0.00015605195240559475,KO.04.01.01,True
355,KO.02.02.01,0.9841203568875002,KO.02.01.01,0.003216769931785995,SN.21,0.0018755671855257923,KO.02.02.01,True
2143,KO.04.01.02,0.9910367848471026,EQUIP.07,0.0014066749390302437,KO.02.02.04,0.0008511849536462154,KO.04.01.02,True
1630,KO.02.02.03,0.9947096548655591,KO.02.02.01,0.0012549290458481357,EQUIP.07,0.0003988148435512136,KO.02.02.03,True
1495,KO.02.02.04,0.5231716899264995,KO.02.02.01,0.18077382476742565,KO.02.01.01,0.0818730862809908,KO.02.02.04,True
52,KO.05.01,0.8731957824145311,F01.05.01,0.11633622453635413,OTH.01,0.0014751048124679782,F01.05.01,False
309,INT.06.01,0.9944456470779668,KO.02.02.04,0.00015943364354047704,SN.09,0.00015913133891323495,INT.06.01,True
2197,KO.99,0.9284240184266949,KO.00.02,0.02589787442578981,KO.05.01,0.004357969018439737,KO.99,True
1991,F03.02,0.9829286989010837,KO.06.02,0.005572535975095482,SN.22.01,0.004556262361693285,F03.02,True
1360,KO.00.02,0.9922186920308985,KO.99,0.0008122567855899346,KO.05.01,0.0006521602540058177,KO.00.02,True
1847,KO.05.01,0.9968453004674215,F01.05.01,0.00023144901213086548,F01.04.01,0.00019835735269229364,KO.05.01,True
1624,KO.04.01.01,0.9852584817075684,F04.02.02,0.0046772562623893215,KO.04.05.01,0.002592857126363875,KO.04.01.01,True
416,F01.04.01,0.9982306093366449,KO.05.01,0.0003341542237157776,KO.99,8.775793162835628e-05,F01.04.01,True
2229,KO.99,0.9958151207411966,SN.21.01,0.000604006116911347,KO.04.01.01,0.00015574818335651426,KO.99,True
2998,KO.04.02.03,0.9967931189442928,KO.04.02.01,0.0001053617791031606,SN.01,8.964011350157531e-05,KO.04.02.03,True
845,KO.04.04.01,0.9983371469184669,KO.02.02.04,0.00015995006033101995,KO.99,9.558670214449468e-05,KO.04.04.01,True
966,KO.02.02.01,0.9849295701293219,KO.02.02.04,0.0024451896713205516,I01.02,0.002425476677107101,KO.02.02.01,True
579,KO.04.01.02,0.9894399595509212,KO.02.02.04,0.001586121006195361,KO.02.02.05.01,0.0008130922318465955,KO.04.01.02,True
1903,KO.04.05.02,0.9133855093809637,KO.04.01.01,0.045598479236988176,KO.04.03.01,0.0319284177581563,KO.04.03.01,False
524,F03.02,0.9922229959916964,EQUIP.07,0.0007678298295097616,KO.02.02.05.01,0.0007475857256554792,F03.02,True
47,KO.02.01.01,0.9647121138886054,KO.02.02.01,0.008240465400708273,KO.00.02,0.0018291622162840589,KO.02.02.01,False
1689,KO.04.04.01,0.9981999822250414,KO.04.01.01,0.0003729395669424405,KO.04.07,0.00027606438358354814,KO.04.04.01,True
2751,KO.02.02.01,0.9659484581097156,KO.02.01.01,0.008582445515023329,KO.02.02.04,0.002931505180626839,KO.02.02.01,True
1693,F01.04.01,0.9981439468221609,KO.05.01,0.00036369174898113197,KO.99,0.0001433310155620702,F01.04.01,True
450,INT.07.01,0.9903642815765838,EL.04,0.00028816812996800554,KO.04.01.02,0.0002672603776882416,INT.07.01,True
337,KO.04.01.01,0.8804590535849707,KO.01.03,0.07213528014858457,EQUIP.02,0.039265552399352734,KO.04.01.01,True
496,SN.21,0.6095027993304837,LF.03,0.03716450918026792,SN.07,0.03604158099727441,SN.43,False
2913,KO.02.02.04,0.9737761624668829,KO.05.01,0.0009474310693734492,I01.01,0.0009298797895582107,F03.02.01,False
2789,KO.04.03.01,0.998016647537776,KO.04.01.01,0.00014248399593420522,KO.04.02.03,0.00013757518028618493,KO.04.03.01,True
60,KO.02.02.01,0.9752888901324522,KO.02.02.03,0.003135502166479792,KO.02.01.01,0.0018112172843295382,KO.02.02.01,True
786,LF.10,0.993802196147037,KO.05.01,0.0012596071705628343,LF.31,0.0003615453705432439,LF.10,True
1219,KO.04.01.02,0.977494117387406,KO.03.02.02,0.0011031078432937659,KO.02.02.05.01,0.0009462918908833142,KO.04.01.02,True
2619,SN.21.08,0.985566451871613,SN.21,0.00994188980433852,LF.31.01,0.0001917770994314828,SN.21.08,True
2750,F01.06,0.9931507424709292,KO.05.01,0.0017790563666905143,KO.99,0.001630970901660011,F01.06,True
2677,SPR.01,0.1402407593006356,KO.05.01,0.07622223600504295,KO.99,0.0439662586111739,KO.05.01,False
1534,KO.04.01.02,0.9898806080225346,HZ.08.01,0.0005555677844779949,KO.02.02.05.01,0.00042265946375386797,KO.04.01.02,True
1792,KO.06.04,0.9665338445773121,F03.02,0.0021542769973071922,EQUIP.08,0.0019511713990037476,F03.02,False
838,KO.04.01.01,0.7132591317787473,F03.02,0.2612569788197917,F03.02.01,0.005744198046847002,KO.04.01.01,True
2935,KO.06.04,0.49955702591009793,KO.01.03,0.46461532288522833,KO.04.01.01,0.017409339987404227,KO.01.03,False
1066,F01.05.01,0.9950208981262921,KO.05.01,0.0021992531172626106,KO.99,8.515428901547924e-05,F01.05.01,True
1424,KO.04.02.03,0.9922616316820648,KO.04.02.01,0.0012266815849845947,SN.01,0.0003312623564584664,KO.04.02.03,True
2922,F01.04.01,0.9982299132486134,KO.05.01,0.0003341539907027307,KO.99,8.9196624256672e-05,F01.04.01,True
1772,LF.13,0.9934020666667415,SN.01,0.0007477577567868957,KO.02.02.04,0.00018471652008759208,LF.13,True
933,KO.06.01,0.995878669048153,KO.05.01,0.0004441839943639968,KO.02.01.01,0.0004206680380857453,KO.06.01,True
2129,F01.04.01,0.4418299762960559,SN.43,0.08821378790634733,KO.01.06.01,0.07254107980439531,F01.04.01,True
1216,F01.04.01,0.9982211124346226,KO.05.01,0.00033415104466086456,KO.99,8.919583786178613e-05,F01.04.01,True
3086,KO.99,0.9928857578308934,KO.04.01.01,0.00022054833971155594,KO.02.01.04,0.0001920385670753772,KO.99,True
1982,SN.05.01,0.5204453190905544,SPR.01,0.06924475575613863,SN.10,0.024434447752352536,SN.10,False
1240,LF.13,0.9943308410517243,KO.02.02.04,0.0001380606306803308,SN.09,0.00013693555522003382,LF.13,True
2188,OTH.01,0.9845383525504582,SN.21.01,0.001555090508914853,KO.99,0.0013671188239257185,OTH.01,True
2240,SN.05.01,0.8029755220911015,KO.05.01,0.09747481220740213,SN.01,0.03367703503394828,SN.05.01,True
2484,F01.04.01,0.9982012430113013,KO.05.01,0.0003341443934405318,KO.99,8.91940624336381e-05,F01.04.01,True
1016,F01.04.01,0.9981439468221609,KO.05.01,0.00036369174898113197,KO.99,0.0001433310155620702,F01.04.01,True
2690,F01.04.01,0.9986868318943587,EQUIP.08,0.00017071997643881043,KO.00.02,9.308767355387017e-05,F01.04.01,True
1320,KO.04.01.01,0.9982391155972301,KO.02.02.04,0.00024983781436647826,KO.01.03,0.0001190588950153129,KO.04.01.01,True
988,KO.02.02.01,0.9902047042757848,F01.05.01,0.0008134722775071378,KO.01.06.01,0.0006319638471246613,KO.02.02.01,True
2140,KO.02.02.01,0.9920790964335938,KO.02.02.03,0.000966643984895666,F03.02.01,0.0007104279989101678,KO.02.02.01,True
147,KO.05.01,0.9962522596207092,F01.05.01,0.00041244118485911856,EQUIP.08,0.00027500416791174356,KO.05.01,True
2625,KO.02.02.04,0.1763380653161852,I01.01,0.07464872522897034,EQUIP.08,0.0378928130850889,EQUIP.08,False
1332,KO.02.02.01,0.963532523367357,KO.02.01.01,0.008915555890301054,KO.00.02,0.0019580661090648805,KO.02.02.01,True
2046,KO.04.01.02,0.9898904084548037,HZ.08.01,0.0005555732849438071,KO.02.02.05.01,0.000401651114281691,KO.04.01.02,True
1517,SN.01,0.9647451456415052,LF.03,0.013390304329140285,KO.01.02.01,0.003122896751615232,SN.01,True
2840,F01.04.01,0.998239410318096,KO.05.01,0.0003341571698137005,KO.99,8.775870535330644e-05,F01.04.01,True
2352,KO.05.01,0.6010334746706663,KO.04.04.01,0.3740071679976962,F04.02.02,0.005189443643550728,KO.05.01,True
2062,KO.99,0.9948856603003006,SN.22.01,0.0021644278462967428,F01.05.01,0.00010293091021055663,KO.99,True
2048,F01.04.01,0.9982299132486134,KO.05.01,0.0003341539907027307,KO.99,8.9196624256672e-05,F01.04.01,True
1386,KO.02.01.01,0.5912484257317602,LF.07,0.32660851859298573,KO.02.02.01,0.03887662668558324,KO.02.01.01,True
1404,KO.02.01.01,0.9731989514640654,KO.01.06.01,0.011575717739451674,KO.02.02.01,0.004550886178444898,KO.02.01.01,True
2881,KO.04.01.01,0.9843979025090696,F03.02,0.012907626086143261,KO.02.02.04,0.0010908929054450364,KO.04.01.01,True
778,F01.04.01,0.9982299132486134,KO.05.01,0.0003341539907027307,KO.99,8.9196624256672e-05,F01.04.01,True
156,KO.05.01,0.9934928047003951,F04.02.02,0.0024137799225053135,KO.04.01.01,0.000915879249722827,KO.05.01,True
2404,KO.04.01.02,0.986079921944875,SN.43,0.0022594489276244003,KO.02.02.04,0.00042557023474630725,KO.04.01.02,True
218,KO.02.02.04,0.9910958888160906,KO.02.02.01,0.0019832542787052688,KO.02.02.03,0.0005342331513970903,KO.02.02.04,True
617,KO.02.02.01,0.9841585350422528,SN.05.01,0.002096669953044482,KO.02.02.04,0.002023125326311556,KO.02.02.01,True
2947,F01.04.01,0.9982306093366449,KO.05.01,0.0003341542237157776,KO.99,8.775793162835628e-05,F01.04.01,True
1334,SN.49.01,0.9246962389191262,EL.04,0.0021520427073148892,KO.04.02.03,0.0018080331786246885,SN.49.01,True
1206,KO.02.02.01,0.9049527228286862,INT.07.01,0.014134110166547496,KO.04.01.01,0.004291825292509244,KO.02.02.01,True
2446,KO.02.02.04,0.9162716343687144,I01.01,0.003690506358811537,KO.05.01,0.002958589191313072,KO.02.02.04,True
2814,KO.04.03.01,0.9981244557594352,KO.04.01.01,0.00014249938740713754,KO.04.02.03,0.00013759004149673459,KO.04.03.01,True
2578,KO.04.01.01,0.9981174126227798,KO.02.02.04,0.0005927275166797759,KO.01.03,0.00010485986142917607,KO.04.01.01,True
2225,F01.04.01,0.9982398406637549,KO.05.01,0.0003341573138704127,KO.99,8.775874318649303e-05,F01.04.01,True
2392,KO.04.01.02,0.9927300645115763,KO.03.02.02,0.0003496362212164783,KO.02.02.05.01,0.0002999325250995685,KO.04.01.02,True
2323,KO.04.01.02,0.9910598035997157,HZ.08.01,0.0005047310766305539,KO.02.02.05.01,0.0003971672611896613,KO.04.01.02,True
2086,SN.07,0.9657382111858961,KO.99,0.015086609370216277,SN.01,0.006089252312060608,SN.07,True
1744,EQUIP.08,0.9654695910426512,SN.43,0.01196909007371771,HZ.35,0.0024646389891293035,KO.05.01,False
1049,LF.25,0.9699435533822789,SN.10,0.019945297395348328,LF.03,0.003381383901080168,LF.25,True
2713,KO.02.02.04,0.5376392964858203,EL.09.01,0.25608123155719165,SN.10,0.06984974193192238,SN.09,False
689,KO.03.02.01,0.9708667588798048,KO.03.02.03,0.0021471987184489417,KO.04.01.02,0.0009494760692490824,KO.03.02.01,True
1727,LF.31.01,0.989797266195808,LF.31,0.006442122996249301,SN.21.08,0.0023203262214401233,LF.31.01,True
1619,F01.04.01,0.9982310396747155,KO.05.01,0.0003341543677699496,KO.99,8.775796946087576e-05,F01.04.01,True
1996,LF.13,0.9939286223594808,EL.04,0.00017155768462784308,KO.04.01.02,0.00012757676218723971,LF.13,True
2543,KO.04.01.01,0.9880263292437392,F04.02.02,0.0036458594895199302,KO.04.05.01,0.002123448699625756,KO.04.01.01,True
2061,KO.02.01.01,0.9630802501765526,KO.01.06.01,0.0286534739909083,KO.02.02.01,0.002151144861501017,KO.02.01.01,True
1603,F01.04.01,0.9982299132486134,KO.05.01,0.0003341539907027307,KO.99,8.9196624256672e-05,F01.04.01,True
570,SN.09,0.2886352883697063,SN.10,0.22600876749125298,SN.43,0.04973539850666833,LF.09,False
2380,KO.05.01,0.9962691239915512,F01.05.01,0.00041905012356107855,EQUIP.08,0.00027500882313056586,KO.05.01,True
2642,KO.06.01,0.995878669048153,KO.05.01,0.0004441839943639968,KO.02.01.01,0.0004206680380857453,KO.06.01,True
2693,KO.05.01,0.9885924944822937,F04.02.02,0.005386488998639839,KO.04.01.01,0.0009679725715185049,KO.05.01,True
1528,KO.05.01,0.9966404655857706,F01.05.01,0.00023140145326592846,KO.02.02.04,0.00023053328548534147,KO.05.01,True
2737,KO.04.01.01,0.9766370660366501,F03.02,0.020739589378720214,KO.02.02.04,0.00017762058592827215,KO.04.01.01,True
1003,KO.05.01,0.9966425650764588,F01.05.01,0.00023140194072877304,KO.02.02.04,0.0002305337711193318,KO.05.01,True
814,KO.02.02.01,0.9498646956107424,KO.02.02.04,0.009566009193638076,KO.02.01.03,0.004202408654247812,KO.02.02.01,True
389,KO.04.01.02,0.9850302600915822,KO.02.02.04,0.0005550620162417791,I01.02,0.0004545889462052855,KO.04.01.02,True
2726,SN.09,0.9212651928339574,SN.10,0.014623904654304479,SN.05.01,0.003956768110046612,SN.05.01,False
2599,KO.05.01,0.9966425650764588,F01.05.01,0.00023140194072877304,KO.02.02.04,0.0002305337711193318,KO.05.01,True
3059,SN.05.01,0.8676294195456865,SN.09,0.0391233025241305,SN.10,0.01939939594164343,SN.05.01,True
2960,LF.31,0.7627738722163278,SN.21.08,0.20027663863255216,LF.31.01,0.003263485279289571,LF.31,True
505,SN.09,0.8351373422950465,SN.05.01,0.12132885346520417,SN.21.05,0.03158938344285647,SN.10,False
2712,KO.02.02.01,0.9847098709634956,KO.02.02.04,0.0037442497371330146,KO.02.01.01,0.0014686311313626833,KO.02.02.01,True
1990,KO.05.01,0.9957463042560466,KO.01.02.01,0.00029920337813530654,F01.05.01,0.0002741618901262916,KO.05.01,True
1476,INT.06.01,0.9917841534857547,KO.04.01.01,0.0012963081304337072,KO.04.07,0.0009061009898658422,KO.04.01.01,False
1912,KO.05.01,0.988703373769013,OTH.01,0.0023074895176707307,F01.05.01,0.0017829686087921278,KO.05.01,True
3055,SN.09,0.9894019358293624,SN.10,0.0070338418495295065,SN.21,0.0002404071713586837,SN.09,True
1836,F01.04.01,0.9539438852506912,KO.02.02.01,0.042918931427595675,KO.04.01.02,0.000728541177985067,F01.04.01,True
2189,F01.06,0.9954085380000668,KO.05.01,0.0007695706419761637,F01.05.01,0.0007344196122699377,F01.06,True
2289,KO.02.02.05.01,0.9935197432410967,KO.02.02.01,0.0013998145588476466,KO.02.02.03,0.0008615199938355053,KO.02.02.05.01,True
1267,KO.04.01.01,0.9923562138823708,F04.02.02,0.0019846484749351237,KO.04.05.01,0.0015123855306114838,KO.04.01.01,True
2616,LF.07,0.9816136625901428,LF.31,0.011369667555004797,LF.31.01,0.0008768221021664965,LF.07,True
1279,KO.04.02.01,0.9858510317552459,KO.01.06.01,0.0004042885569444536,SN.21.05,0.0003433577437045539,KO.04.02.01,True
88,KO.02.02.01,0.9253531895387787,KO.01.02.01,0.04689553534230179,KO.02.02.04,0.00493615325535003,KO.02.02.01,True
832,F01.05.01,0.9650859432292885,KO.05.01,0.023542143101468217,OTH.01,0.0014743952764814958,F01.05.01,True
1714,KO.99,0.9924646012702197,KO.04.01.01,0.00030905881255121015,F01.05.01,0.0002173965773050944,KO.99,True
2037,F01.04.01,0.998239410318096,KO.05.01,0.0003341571698137005,KO.99,8.775870535330644e-05,F01.04.01,True
2525,KO.04.01.01,0.9800547205155362,KO.02.02.04,0.004292228632479369,EQUIP.07,0.000852448208972928,KO.04.01.01,True
2700,KO.04.01.02,0.9868603493606583,KO.02.02.04,0.0009199082784977344,KO.02.02.05.01,0.0008828874508560337,KO.04.01.02,True
24,SN.21.05,0.8199241907344779,SN.21,0.023006352815254413,HZ.02.01,0.01670954207183294,SN.21,False
1265,KO.02.02.01,0.9208489590653115,KO.01.06.01,0.05390492446366899,KO.02.01.01,0.006645112731991605,KO.02.02.01,True
591,KO.02.02.01,0.9717444350748448,KO.02.01.01,0.003246933991782783,KO.02.02.04,0.003094735513223823,KO.02.02.01,True
3036,KO.99,0.9968847477315396,F01.05.01,0.00010992331507785058,KO.04.01.01,0.00010449734373071997,KO.99,True
680,KO.04.02.03,0.9967786138103938,KO.04.02.01,0.00010536024589964557,SN.01,8.963880907659049e-05,KO.04.02.03,True
1681,KO.04.01.01,0.9748912323595152,F04.02.02,0.005345454569827595,KO.04.05.01,0.0035171936628107764,KO.04.01.01,True
2956,LF.30,0.3783985630534434,LF.04,0.29153072285066234,SN.18.05,0.16472449168919412,LF.04,False
1262,KO.04.02.03,0.9958916447503464,KO.04.02.01,0.0006821982276045047,SN.01,0.00016365802945944195,KO.04.02.03,True
1319,KO.04.01.01,0.9924856679350147,F04.02.02,0.0014753536278379947,EQUIP.07,0.0005284702714218329,KO.04.01.01,True
2090,EL.04,0.9966020655897666,SN.01,0.0009199833144222848,LF.30,0.00018615729892173272,EL.04,True
927,KO.04.01.01,0.9959864242161885,F04.02.02,0.0008358966886054413,KO.02.02.05.01,0.00039392622106693874,KO.04.01.01,True
1422,SN.21.08,0.976042482892866,KO.02.02.01,0.01608849909380786,KO.02.01.01,0.0005291940178526967,SN.21.08,True
57,KO.04.02.03,0.99289394270341,KO.04.05.02,0.003510584345871243,F01.05.01,0.0002187914052737564,KO.04.02.03,True
2689,F04.02.02,0.7895414884848901,KO.06.04,0.203237039266358,F03.02,0.0004529886678555021,F04.02.02,True
1611,F01.04.01,0.9982398406637549,KO.05.01,0.0003341573138704127,KO.99,8.775874318649303e-05,F01.04.01,True
1882,F01.05.07,0.9807718440697415,KO.02.02.04,0.006085382006046542,OTH.01,0.0023311768848909417,F01.05.07,True
1590,KO.99,0.9969521797154339,KO.04.01.01,0.0001032249862738707,KO.02.01.04,8.328193606939722e-05,KO.99,True
2504,KO.02.02.04,0.9899619007773454,I01.01,0.0004949628532710016,KO.05.01,0.00036679212000037575,KO.02.02.04,True
2293,KO.04.03.01,0.969496201610488,KO.04.01.01,0.0020462142766060937,F01.05.01,0.0008283037581983498,KO.04.03.01,True
2448,KO.04.01.01,0.9848721389346229,F03.02,0.01337470295552782,KO.02.02.04,0.00011247459776151851,KO.04.01.01,True
1635,F01.04.01,0.998239410318096,KO.05.01,0.0003341571698137005,KO.99,8.775870535330644e-05,F01.04.01,True
2340,INT.06.01,0.9932866031781175,KO.04.01.01,0.0006056939070068092,KO.04.03.01,0.00037637302590663485,INT.06.01,True
2413,KO.04.01.02,0.9921421663531799,KO.02.02.04,0.0009627924181544169,F03.02,0.0005128435344399396,KO.04.01.02,True
2994,KO.04.01.01,0.9482249443407714,F04.02.02,0.013103955740138727,KO.04.05.01,0.010034600504740978,KO.04.01.01,True
925,KO.05.01,0.9768733276599703,HZ.09.01,0.002299443846326391,KO.01.06.01,0.0015486242850744037,KO.05.01,True
2302,KO.04.01.01,0.9913690846426007,KO.02.02.05.01,0.002031532906544436,F01.05.01,0.0017543707303237898,KO.04.01.01,True
731,KO.02.02.01,0.9539898192871136,KO.02.01.01,0.005331655073039832,KO.02.02.04,0.0026905304183261,KO.02.02.01,True
2452,F04.02.02,0.9927243349667857,KO.04.01.02,0.003161638886647249,LF.10,0.0007326483534696892,F04.02.02,True
929,HZ.35,0.8416276553736589,SN.07,0.01671659720430947,KO.04.01.01,0.014212047079089338,HZ.09.01,False
504,KO.04.01.02,0.9893864777113787,KO.02.01.03,0.0009574552795451197,KO.02.02.04,0.0009032514173522151,KO.04.01.02,True
2704,F01.07,0.18133280197779061,SN.21.01,0.0777004963718171,KO.02.02.04,0.07580622152491498,SN.09,False
2784,KO.04.01.01,0.9798878392395607,KO.02.02.04,0.003773271707306684,KO.04.03.01,0.000862836713979797,KO.04.01.01,True
361,KO.99,0.9967718859932884,F01.05.01,0.00017325180228410124,KO.04.01.01,0.00010027225374144426,KO.99,True
231,KO.02.02.01,0.9896643985866296,KO.02.02.04,0.0018913348075698228,KO.02.02.03,0.0005258933991725035,KO.02.02.01,True
354,F01.04.01,0.9982306093366449,KO.05.01,0.0003341542237157776,KO.99,8.775793162835628e-05,F01.04.01,True
1802,KO.04.01.01,0.9606681098547575,KO.04.05.01,0.007855319162193961,F04.02.02,0.007408703095514609,KO.04.01.01,True
746,KO.04.02.03,0.9929358784807015,KO.04.05.02,0.0035107326185889617,F01.05.01,0.00017498695298960652,KO.04.02.03,True
2496,KO.02.02.01,0.9851153847044396,KO.02.02.04,0.004605872338029034,F03.02.01,0.0013889480625894062,KO.02.02.01,True
1711,SN.09,0.9857730724851095,SN.05.01,0.007554374858888284,SN.10,0.0015356106730705656,SN.09,True
1551,KO.02.01.01,0.9863084825151482,KO.02.02.01,0.003824760996259891,SN.21.01,0.0011881818233411326,KO.02.01.01,True
2060,KO.04.02.01,0.9859555543011894,KO.04.05.02,0.007658106026085788,KO.99,0.0007896484420982233,KO.04.02.01,True
2564,KO.02.02.01,0.662944851032855,KO.01.06.01,0.22320942669925553,KO.02.01.01,0.010861369161263679,KO.01.06.01,False
1738,KO.05.01,0.9966309962432818,F01.05.01,0.00023139925466002289,KO.02.02.04,0.00023053109512812572,KO.05.01,True
2653,EL.09,0.29948876484875964,SN.43,0.263386050880177,SN.09,0.10830497777913242,SN.43,False
2390,INT.06.01,0.9911454149161865,KO.04.01.01,0.00236745180303288,KO.06.02,0.0005482638235900014,INT.06.01,True
1309,SN.10,0.9057397526463566,HZ.02.01,0.04102049719174795,SN.05.01,0.003955016751804335,HZ.02.01,False
1278,KO.04.01.01,0.9963837911500849,F04.02.02,0.0012591149691250476,KO.02.02.04,0.00018317255719494323,KO.04.01.01,True
2080,KO.02.02.05.01,0.5474158490652116,KO.04.01.01,0.4475452657302805,KO.02.02.01,0.0004837501991018546,KO.04.01.01,False
2581,KO.99,0.9969922623649317,KO.04.01.01,0.00011234193644500696,F01.05.01,0.00010586062503214244,KO.99,True
977,F01.04.01,0.9982299132486134,KO.05.01,0.0003341539907027307,KO.99,8.9196624256672e-05,F01.04.01,True
2387,KO.04.02.01,0.9844220748984379,KO.04.05.02,0.010053941784417365,F01.05.01,0.0004237995745560702,KO.04.02.01,True
938,KO.04.01.01,0.9853234877015129,F03.02,0.012919762547978945,KO.02.02.04,0.0001279548669768921,KO.04.01.01,True
1297,EQUIP.08,0.9842228194382637,SN.43,0.004394539507806569,SN.21.01,0.001663369515369585,EQUIP.08,True
1001,INT.06.01,0.9941895442186649,KO.04.01.02,0.0001792395509631906,SN.09,0.00017181659096868903,INT.06.01,True
595,KO.04.04.01,0.9958103329108542,KO.04.01.02,0.0027283714680858486,KO.02.02.04,0.0002632428108067007,KO.04.04.01,True
1264,KO.04.01.01,0.8730501489604842,KO.04.04.01,0.10863070949872192,F04.02.02,0.004626137919528459,KO.04.01.01,True
2460,SN.09,0.9460082202766438,SN.12,0.010416099937957191,EL.10,0.00737818904281262,SN.09,True
379,SN.21.07,0.2621040859206353,HZ.03.01,0.07613900718984946,SN.21,0.057947945192008944,SN.21.07,True
2805,KO.04.01.02,0.9858674729088619,KO.02.02.04,0.002418331538439625,SN.12,0.0007406144572420456,KO.04.01.02,True
2127,LF.03,0.9468485409449716,SN.01,0.025745293571603923,LF.23,0.010194588624817903,LF.03,True
1078,KO.02.02.01,0.9804852862427582,KO.02.02.04,0.010170366024862692,KO.02.01.01,0.0010047549151849479,KO.02.02.01,True
2181,KO.04.04.01,0.9906114108651014,KO.04.07,0.0014648652490028122,KO.04.01.01,0.0011923164222556223,KO.04.04.01,True
960,F01.04.01,0.9982310396747155,KO.05.01,0.0003341543677699496,KO.99,8.775796946087576e-05,F01.04.01,True
2073,KO.05.01,0.9952327238971651,HZ.08.01,0.0007779610733218634,KO.02.01.01,0.000773801025521136,KO.05.01,True
375,F01.04.01,0.9982299132486134,KO.05.01,0.0003341539907027307,KO.99,8.9196624256672e-05,F01.04.01,True
1942,SN.49.01,0.969201750179781,LF.04,0.0008651567258325992,EL.04,0.0008648484587018501,SN.49.01,True
2417,INT.06.01,0.9931560983013421,KO.04.01.01,0.0006134450366421143,KO.04.03.01,0.0005997958736769509,INT.06.01,True
2449,KO.02.02.01,0.9880283667204169,KO.02.02.04,0.0022106311858793486,F03.02.01,0.00139305517612176,KO.02.02.01,True
1427,KO.02.02.01,0.373659162495827,KO.02.01.01,0.08420058907750272,KO.02.02.04,0.028910494036399628,KO.02.01.01,False
2041,SN.49.01,0.9821642903211296,HZ.11,0.004594107610917757,SN.01,0.0008184010385295241,SN.49.01,True
581,KO.04.01.01,0.9824919946012967,F03.02,0.015394772274063018,KO.02.02.04,0.0001742574303881208,KO.04.01.01,True
1025,KO.04.01.01,0.9837998252637393,F04.02.02,0.0038283595862551177,KO.04.05.01,0.0031196654205654286,KO.04.01.01,True
1580,F01.04.01,0.998239410318096,KO.05.01,0.0003341571698137005,KO.99,8.775870535330644e-05,F01.04.01,True
2940,KO.02.01.01,0.7957300697553996,KO.02.02.01,0.0841158971802777,KO.06.01,0.03934632718760944,KO.02.01.01,True
2558,F01.04.01,0.998239410318096,KO.05.01,0.0003341571698137005,KO.99,8.775870535330644e-05,F01.04.01,True
2628,F01.04.01,0.9981543139714576,KO.05.01,0.0003636955264389542,KO.99,0.00014102053124114716,F01.04.01,True
2077,KO.05.01,0.9950456189648383,F01.05.01,0.0005548433717977892,KO.01.02.01,0.0003667109433163578,KO.05.01,True
1932,KO.04.04.01,0.9984036023278242,KO.04.01.01,0.0004403954894251425,KO.03.02.03,0.00010667149682553134,KO.04.04.01,True
857,EL.09.01,0.3927563137501092,KO.02.02.04,0.27570175170105865,SN.10,0.08208456639379945,SN.09,False
1205,KO.02.02.04,0.28047439809066377,KO.02.02.01,0.25227544655108364,KO.02.01.01,0.13961692109204968,KO.02.02.02,False
2275,KO.02.02.01,0.9925085043659816,F03.02.01,0.0014047965439170393,KO.02.02.04,0.0005868452401586584,KO.02.02.01,True
2606,KO.04.01.01,0.996374916535563,F03.02.01,0.0006815424899809599,KO.02.02.04,0.000392326789342585,KO.04.01.01,True
2722,KO.04.02.01,0.9113750048997873,F01.05.01,0.0028444215152586545,HZ.01.01,0.0025118288490539277,KO.04.02.01,True
2368,F03.02,0.9929661040145137,KO.04.07,0.00040127350214394926,KO.02.02.04,0.00039861757265536603,F03.02,True
295,KO.02.02.01,0.6580414717130203,KO.01.06.01,0.2624037237837913,KO.02.01.01,0.006985246686404941,KO.02.02.01,True
1148,F01.04.01,0.998239410318096,KO.05.01,0.0003341571698137005,KO.99,8.775870535330644e-05,F01.04.01,True
410,KO.04.02.03,0.99646000494493,KO.04.05.02,0.00018073576242727714,HZ.35,0.0001329549574330208,KO.04.02.03,True
1302,SN.09,0.9350609695130618,SN.21.01,0.009191474918243238,KO.99,0.00912327274116139,SN.09,True
1899,KO.02.02.01,0.9784802693920989,KO.02.02.04,0.008797867994332128,KO.02.01.01,0.0013466121403758787,KO.02.02.01,True
2283,F01.04.01,0.998239410318096,KO.05.01,0.0003341571698137005,KO.99,8.775870535330644e-05,F01.04.01,True
1663,KO.99,0.9970922743392764,KO.04.01.01,8.918851628229938e-05,F01.05.01,8.744552439748446e-05,KO.99,True
2587,KO.04.01.02,0.9906711162349968,KO.02.02.05.01,0.0003874179342854059,SN.21.05,0.00030800207358221154,KO.04.01.02,True
1505,KO.05.01,0.9966425650764588,F01.05.01,0.00023140194072877304,KO.02.02.04,0.0002305337711193318,KO.05.01,True
1902,KO.02.02.05.01,0.970643793540898,KO.02.02.01,0.007884914136849316,KO.01.06.01,0.002595492757745109,KO.02.02.05.01,True
954,KO.02.02.05.01,0.6831500126585737,F01.04.01,0.11387449901669905,EL.09.01,0.011337211845489577,F01.04.01,False
723,F01.04.01,0.9534774727807644,KO.02.02.01,0.04325163477841448,KO.04.01.02,0.0007281849718229214,F01.04.01,True
996,LF.31,0.9660337547869291,LF.04,0.009442537503548358,SN.21,0.005722477204918973,LF.31,True
2223,SN.49.01,0.9914788547187192,SN.21,0.000256371187869434,KO.04.02.03,0.0002233074151007877,HZ.11,False
1255,F01.04.01,0.998239410318096,KO.05.01,0.0003341571698137005,KO.99,8.775870535330644e-05,F01.04.01,True
2473,SN.05.01,0.9923206426113144,SN.10,0.003952004986221406,SN.21.05,0.0002367596016270424,SN.05.01,True
1192,KO.03.02.01,0.9849837885893556,KO.03.01.01,0.0015042732991244956,KO.03.02.02,0.00076795839738836,KO.03.02.01,True
322,F01.04.01,0.9982306093366449,KO.05.01,0.0003341542237157776,KO.99,8.775793162835628e-05,F01.04.01,True
2121,F03.02,0.7530347397891831,KO.04.01.01,0.24003379146453835,KO.04.07,0.00039863590618979556,KO.04.01.01,False
2675,KO.05.01,0.9912062325218043,F01.05.01,0.001918963335750408,KO.99,0.0006025707779262968,KO.05.01,True
3051,KO.04.01.01,0.9726415846948917,LF.07,0.024711338995317553,F04.02.02,0.0006007032928464635,KO.04.01.01,True
1617,F01.04.01,0.9982211124346226,KO.05.01,0.00033415104466086456,KO.99,8.919583786178613e-05,F01.04.01,True
2610,KO.04.01.01,0.9762820875998899,F01.04.01,0.007375042914428491,SN.21,0.003971733682993114,KO.04.01.01,True
1553,KO.04.01.01,0.8433731058581657,KO.04.03.01,0.007490693301780165,KO.01.03,0.00608383123911854,KO.04.01.01,True
2590,KO.02.02.03,0.9951492517925102,KO.02.02.01,0.0008274857802529412,KO.02.02.05.01,0.00021661115312738237,KO.02.02.03,True
2813,KO.04.04.01,0.9981641712385585,KO.04.01.01,0.0004400623153681618,KO.04.07,0.00027605447961832576,KO.04.04.01,True
657,KO.05.01,0.9915763652935146,SN.21.01,0.0009637286220606708,F01.05.01,0.0009593722195070158,KO.05.01,True
2986,KO.04.01.02,0.9902942100519836,KO.02.02.04,0.0012252088548977919,KO.02.01.03,0.0010169832702252356,KO.04.01.02,True
1261,KO.02.02.05.02,0.9878461367928988,KO.02.02.03,0.001979266692230249,KO.02.02.01,0.0016270136551255444,KO.02.02.05.02,True
962,KO.02.02.01,0.9247991017629417,KO.02.01.01,0.024945757483239146,KO.99,0.003325165925709085,KO.02.02.01,True
1301,KO.05.01,0.9968453004674215,F01.05.01,0.00023144901213086548,F01.04.01,0.00019835735269229364,KO.05.01,True
775,SN.21.01,0.8775813020652082,KO.99,0.09724003182973275,KO.00.02,0.007168348028057185,KO.99,False
211,KO.02.02.04,0.986996297024529,KO.99,0.0012876094707980448,KO.05.01,0.000984162782776514,KO.02.02.04,True
329,KO.04.01.01,0.9862249053151296,F04.02.02,0.003235104893167218,KO.04.05.01,0.0026362322137529837,KO.04.01.01,True
2000,F01.04.01,0.9982310396747155,KO.05.01,0.0003341543677699496,KO.99,8.775796946087576e-05,F01.04.01,True
2936,F03.02,0.99187135529089,EQUIP.07,0.0007675577130395331,KO.02.02.05.01,0.0007473207836318169,F03.02,True
1896,KO.02.02.05.01,0.9846595501585548,KO.02.02.01,0.003648810535037714,KO.02.02.04,0.0016875972467758089,KO.02.02.05.01,True
2426,SN.05.01,0.9812051470498576,SN.10,0.01243683428145063,LF.31.01,0.0008665878897278522,SN.05.01,True
1781,KO.05.01,0.9951096640566748,KO.99,0.0005902663685195367,SN.21.01,0.0004764592926124475,KO.05.01,True
2981,KO.06.01,0.995267322688317,KO.02.01.01,0.0015035459507438504,EL.09.01,0.00010777111284969797,KO.06.01,True
2043,KO.02.02.01,0.988551234777392,KO.04.01.02,0.0030122228496687756,KO.02.01.01,0.000847231925864711,KO.02.02.01,True
2100,KO.04.02.03,0.9960408820563387,KO.04.05.02,0.0004242987588863004,KO.04.01.02,0.00022271529375529224,KO.04.02.03,True
267,SN.09,0.4852091842965052,SN.10,0.15639976238100006,SN.43,0.04777295947613066,SN.10,False
103,KO.99,0.9926210063974883,KO.04.01.01,0.00030910751794871114,KO.06.02,0.00017754444003313774,KO.99,True
1718,KO.05.01,0.8532552646808422,F04.02.02,0.08329953628394303,KO.04.01.01,0.02307720843831101,KO.05.01,True
426,F01.05.01,0.6078977562725587,KO.05.01,0.3327761695844184,INT.07.01,0.015682945423329032,F01.05.01,True
2486,F01.04.01,0.9982154392066281,KO.05.01,0.0003341491455675301,KO.99,8.77565979693597e-05,F01.04.01,True
1374,F03.02,0.9930082143098926,KO.02.02.05.01,0.0007305311594678398,KO.03.02.02,0.00030085995271198076,F03.02,True
2934,KO.04.01.02,0.9914888185124393,KO.02.02.04,0.0010695197441038388,KO.02.02.05.01,0.0006270610094578086,KO.04.01.02,True
1094,KO.04.01.01,0.9848502563661383,KO.05.01,0.002400608661276274,SN.10,0.0007312853317046954,KO.04.01.01,True
816,SN.49.01,0.9588958594386007,HZ.11,0.0241825661842146,EL.04,0.0005006372263942484,SN.49.01,True
2497,KO.04.01.02,0.9857545927602384,KO.02.02.04,0.002649129278180483,F03.02,0.0007899037254756872,KO.04.01.02,True
743,SN.21.05,0.9428854287577935,LF.05,0.01787704019225844,HZ.01.01,0.0037032231353321295,SN.21.05,True
2748,KO.04.01.01,0.9949739870693116,F04.02.02,0.0012881580926933076,KO.04.03.01,0.00017027046686963606,KO.04.01.01,True
964,KO.05.01,0.9963129876564388,F01.05.01,0.0004124663258239381,EQUIP.08,0.0002750209311991273,KO.05.01,True
1796,KO.05.01,0.9819597322262454,KO.06.01,0.01425292452866794,KO.03.01.01,0.000807429415145222,KO.05.01,True
2891,SN.10,0.6742865182821357,EL.09.01,0.1488900766818397,EL.09,0.04981764471562062,SN.09,False
2576,F01.04.01,0.9981439468221609,KO.05.01,0.00036369174898113197,KO.99,0.0001433310155620702,F01.04.01,True
2025,KO.05.01,0.9966404655857706,F01.05.01,0.00023140145326592846,KO.02.02.04,0.00023053328548534147,KO.05.01,True
674,KO.04.01.02,0.9899795810300813,KO.02.02.04,0.002584662299769595,EQUIP.07,0.0007686223327290832,KO.04.01.02,True
1577,SN.10,0.2941189912056027,EL.10,0.150930910591776,SN.09,0.14657984468405952,KO.02.02.04,False
2972,KO.02.02.03,0.9951180737297046,KO.02.02.01,0.0007908002133988274,EQUIP.07,0.0004097525886701402,KO.02.02.03,True
2020,KO.04.01.01,0.9870012674786703,F04.02.02,0.005278508087082362,KO.04.05.01,0.0020783318327305435,KO.04.01.01,True
1956,F01.04.01,0.9981547442437486,KO.05.01,0.00036369568321642363,KO.99,0.0001410205920305724,F01.04.01,True
3023,KO.02.02.05.01,0.9930765338842413,KO.02.02.01,0.001440193003990152,KO.02.01.01,0.0006138279248674481,KO.02.02.05.01,True
